{"cameraMode":{"drawMode":0,"name":"Shaded","section":"Shading Mode"},"sceneLighting":true,"audioPlay":false,"sceneViewState":{"showFog":true,"showMaterialUpdate":true,"showSkybox":true,"showFlares":true,"showImageEffects":true,"showParticleSystems":true},"in2DMode":false,"pivot":{"x":0.6272578239440918,"y":-0.827324390411377,"z":2.118572473526001},"rotation":{"x":-0.39130210876464846,"y":0.3346852660179138,"z":-0.1551048755645752,"w":-0.8432356715202332},"size":5.553354263305664,"orthographic":false}