{"cameraMode":{"drawMode":0,"name":"Shaded","section":"Shading Mode"},"sceneLighting":true,"audioPlay":false,"sceneViewState":{"showFog":true,"showMaterialUpdate":true,"showSkybox":true,"showFlares":true,"showImageEffects":true,"showParticleSystems":true},"in2DMode":false,"pivot":{"x":1.428980827331543,"y":-0.057853929698467258,"z":-1.7559304237365723},"rotation":{"x":-0.02442684955894947,"y":-0.9590703248977661,"z":0.08744532614946366,"w":-0.2685953378677368},"size":3.5080654621124269,"orthographic":false}