{"cameraMode":{"drawMode":0,"name":"Shaded","section":"Shading Mode"},"sceneLighting":true,"audioPlay":false,"sceneViewState":{"showFog":true,"showMaterialUpdate":true,"showSkybox":true,"showFlares":true,"showImageEffects":true,"showParticleSystems":true},"in2DMode":false,"pivot":{"x":9.618659973144532,"y":-1.8221368789672852,"z":-18.46211051940918},"rotation":{"x":0.03694138303399086,"y":-0.9623438119888306,"z":0.16855700314044953,"w":0.2104668915271759},"size":7.307947635650635,"orthographic":false}