{"cameraMode":{"drawMode":0,"name":"Shaded","section":"Shading Mode"},"sceneLighting":true,"audioPlay":false,"sceneViewState":{"showFog":true,"showMaterialUpdate":true,"showSkybox":true,"showFlares":true,"showImageEffects":true,"showParticleSystems":true},"in2DMode":false,"pivot":{"x":-0.18921369314193726,"y":0.3220177888870239,"z":0.3886783719062805},"rotation":{"x":0.03352256491780281,"y":-0.961082935333252,"z":-0.1346421241760254,"w":-0.23922239243984223},"size":0.4584552049636841,"orthographic":false}