{"cameraMode":{"drawMode":0,"name":"Shaded","section":"Shading Mode"},"sceneLighting":true,"audioPlay":false,"sceneViewState":{"showFog":true,"showMaterialUpdate":true,"showSkybox":true,"showFlares":true,"showImageEffects":true,"showParticleSystems":true},"in2DMode":false,"pivot":{"x":2.7543749809265138,"y":1.3173069953918458,"z":0.5698323249816895},"rotation":{"x":-0.143331378698349,"y":0.23057150840759278,"z":-0.034324269741773608,"w":-0.9619228839874268},"size":2.655729293823242,"orthographic":false}