{"cameraMode":{"drawMode":0,"name":"Shaded","section":"Shading Mode"},"sceneLighting":true,"audioPlay":false,"sceneViewState":{"showFog":true,"showMaterialUpdate":true,"showSkybox":true,"showFlares":true,"showImageEffects":true,"showParticleSystems":true},"in2DMode":false,"pivot":{"x":15.588522911071778,"y":12.662833213806153,"z":41.87561798095703},"rotation":{"x":-0.0021719487849622967,"y":0.9987120628356934,"z":-0.04525386914610863,"w":-0.03004036657512188},"size":2.5623011589050295,"orthographic":false}