{"cameraMode":{"drawMode":0,"name":"Shaded","section":"Shading Mode"},"sceneLighting":true,"audioPlay":false,"sceneViewState":{"showFog":true,"showMaterialUpdate":true,"showSkybox":true,"showFlares":true,"showImageEffects":true,"showParticleSystems":true},"in2DMode":false,"pivot":{"x":15.219873428344727,"y":0.3095119893550873,"z":-21.669921875},"rotation":{"x":-0.005628247279673815,"y":-0.9831670522689819,"z":0.18044283986091615,"w":-0.031065773218870164},"size":2.307894229888916,"orthographic":false}