{"cameraMode":{"drawMode":0,"name":"Shaded","section":"Shading Mode"},"sceneLighting":true,"audioPlay":false,"sceneViewState":{"showFog":true,"showMaterialUpdate":false,"showSkybox":true,"showFlares":true,"showImageEffects":true,"showParticleSystems":true},"in2DMode":false,"pivot":{"x":11.464003562927246,"y":1.067483901977539,"z":-10.69286823272705},"rotation":{"x":-0.055980004370212558,"y":0.9408989548683167,"z":-0.192580908536911,"w":-0.2731489837169647},"size":1.2974417209625245,"orthographic":false}