{"cameraMode":{"drawMode":0,"name":"Shaded","section":"Shading Mode"},"sceneLighting":true,"audioPlay":false,"sceneViewState":{"showFog":true,"showMaterialUpdate":true,"showSkybox":true,"showFlares":true,"showImageEffects":true,"showParticleSystems":true},"in2DMode":false,"pivot":{"x":13.439085006713868,"y":-7.66242790222168,"z":-28.704761505126954},"rotation":{"x":0.01394282840192318,"y":0.9190645813941956,"z":-0.3927134871482849,"w":0.03294626250863075},"size":7.982512474060059,"orthographic":false}