{"cameraMode":{"drawMode":0,"name":"Shaded","section":"Shading Mode"},"sceneLighting":true,"audioPlay":false,"sceneViewState":{"showFog":true,"showMaterialUpdate":true,"showSkybox":true,"showFlares":true,"showImageEffects":true,"showParticleSystems":true},"in2DMode":false,"pivot":{"x":-0.05753196403384209,"y":3.1929728984832765,"z":-1.6537898778915406},"rotation":{"x":0.17381927371025086,"y":0.7097165584564209,"z":-0.6564643383026123,"w":0.1881064921617508},"size":3.3717408180236818,"orthographic":false}