{"cameraMode":{"drawMode":0,"name":"Shaded","section":"Shading Mode"},"sceneLighting":true,"audioPlay":false,"sceneViewState":{"showFog":true,"showMaterialUpdate":false,"showSkybox":true,"showFlares":true,"showImageEffects":true,"showParticleSystems":true},"in2DMode":false,"pivot":{"x":11.145718574523926,"y":0.8254556655883789,"z":-2.707850456237793},"rotation":{"x":0.014281420968472958,"y":0.9840532541275024,"z":-0.15115047991275788,"w":0.09295707941055298},"size":1.5787606239318848,"orthographic":false}