{"cameraMode":{"drawMode":0,"name":"Shaded","section":"Shading Mode"},"sceneLighting":true,"audioPlay":false,"sceneViewState":{"showFog":true,"showMaterialUpdate":true,"showSkybox":true,"showFlares":true,"showImageEffects":true,"showParticleSystems":true},"in2DMode":false,"pivot":{"x":-2.6992759704589845,"y":-0.8919032216072083,"z":1.7207450866699219},"rotation":{"x":-0.1628258377313614,"y":0.48579826951026919,"z":-0.09259755909442902,"w":-0.8538731336593628},"size":2.9837117195129396,"orthographic":false}