{"cameraMode":{"drawMode":0,"name":"Shaded","section":"Shading Mode"},"sceneLighting":true,"audioPlay":false,"sceneViewState":{"showFog":true,"showMaterialUpdate":false,"showSkybox":true,"showFlares":true,"showImageEffects":true,"showParticleSystems":true},"in2DMode":false,"pivot":{"x":-30.885658264160158,"y":-22.418537139892579,"z":5.123373985290527},"rotation":{"x":-0.19371898472309113,"y":0.5772910118103027,"z":-0.14325487613677979,"w":-0.7802785634994507},"size":29.708168029785158,"orthographic":false}