{"cameraMode":{"drawMode":0,"name":"Shaded","section":"Shading Mode"},"sceneLighting":true,"audioPlay":false,"sceneViewState":{"showFog":false,"showMaterialUpdate":true,"showSkybox":true,"showFlares":true,"showImageEffects":true,"showParticleSystems":true},"in2DMode":false,"pivot":{"x":205.00108337402345,"y":16.21377944946289,"z":137.5433807373047},"rotation":{"x":0.09464877098798752,"y":0.7109814286231995,"z":-0.09740282595157623,"w":0.6902126669883728},"size":1.0628571510314942,"orthographic":false}