{"cameraMode":{"drawMode":0,"name":"Shaded","section":"Shading Mode"},"sceneLighting":true,"audioPlay":false,"sceneViewState":{"showFog":true,"showMaterialUpdate":true,"showSkybox":true,"showFlares":true,"showImageEffects":true,"showParticleSystems":true},"in2DMode":false,"pivot":{"x":11.34823226928711,"y":-1.780354619026184,"z":-13.714008331298829},"rotation":{"x":0.15570998191833497,"y":-0.8409169912338257,"z":0.32227838039398196,"w":0.4061067998409271},"size":5.2722249031066898,"orthographic":false}