{"cameraMode":{"drawMode":0,"name":"Shaded","section":"Shading Mode"},"sceneLighting":true,"audioPlay":false,"sceneViewState":{"showFog":true,"showMaterialUpdate":true,"showSkybox":true,"showFlares":true,"showImageEffects":true,"showParticleSystems":true},"in2DMode":false,"pivot":{"x":-0.41663768887519839,"y":1.2007479667663575,"z":-1.3971149921417237},"rotation":{"x":-0.08071888983249664,"y":0.7449122071266174,"z":-0.0916328877210617,"w":-0.6560317873954773},"size":0.9442707896232605,"orthographic":false}