{"cameraMode":{"drawMode":0,"name":"Shaded","section":"Shading Mode"},"sceneLighting":true,"audioPlay":false,"sceneViewState":{"showFog":true,"showMaterialUpdate":true,"showSkybox":true,"showFlares":true,"showImageEffects":true,"showParticleSystems":true},"in2DMode":false,"pivot":{"x":111.0219955444336,"y":-22.10294532775879,"z":-21.620136260986329},"rotation":{"x":0.0022273720242083074,"y":0.9142536520957947,"z":-0.4053357243537903,"w":0.005335207562893629},"size":45.9824104309082,"orthographic":false}