{"cameraMode":{"drawMode":0,"name":"Shaded","section":"Shading Mode"},"sceneLighting":true,"audioPlay":false,"sceneViewState":{"showFog":true,"showMaterialUpdate":true,"showSkybox":true,"showFlares":true,"showImageEffects":true,"showParticleSystems":true},"in2DMode":false,"pivot":{"x":-0.6585770845413208,"y":-2.380225896835327,"z":1.7432177066802979},"rotation":{"x":0.4182581603527069,"y":-0.10222072154283524,"z":0.04726620018482208,"w":0.901446521282196},"size":3.2106940746307375,"orthographic":false}