{"cameraMode":{"drawMode":0,"name":"Shaded","section":"Shading Mode"},"sceneLighting":true,"audioPlay":false,"sceneViewState":{"showFog":true,"showMaterialUpdate":true,"showSkybox":true,"showFlares":true,"showImageEffects":true,"showParticleSystems":true},"in2DMode":false,"pivot":{"x":77.5638427734375,"y":26.011058807373048,"z":-45.57521438598633},"rotation":{"x":0.03572359308600426,"y":-0.9095139503479004,"z":-0.0788872241973877,"w":-0.40690621733665469},"size":53.831058502197269,"orthographic":false}