{"cameraMode":{"drawMode":0,"name":"Shaded","section":"Shading Mode"},"sceneLighting":true,"audioPlay":false,"sceneViewState":{"showFog":true,"showMaterialUpdate":true,"showSkybox":true,"showFlares":true,"showImageEffects":true,"showParticleSystems":true},"in2DMode":false,"pivot":{"x":-0.5730160474777222,"y":3.3742165565490724,"z":-4.623856544494629},"rotation":{"x":0.17381927371025086,"y":0.7097165584564209,"z":-0.6564643383026123,"w":0.1881064921617508},"size":0.6717411279678345,"orthographic":false}