{"cameraMode":{"drawMode":0,"name":"Shaded","section":"Shading Mode"},"sceneLighting":false,"audioPlay":false,"sceneViewState":{"showFog":true,"showMaterialUpdate":false,"showSkybox":false,"showFlares":true,"showImageEffects":true,"showParticleSystems":true},"in2DMode":false,"pivot":{"x":-2.4930388927459719,"y":-0.21361802518367768,"z":2.500001907348633},"rotation":{"x":0.13343055546283723,"y":0.7451130151748657,"z":-0.15672063827514649,"w":0.6343823075294495},"size":4.520035266876221,"orthographic":false}