{"cameraMode":{"drawMode":0,"name":"Shaded","section":"Shading Mode"},"sceneLighting":true,"audioPlay":false,"sceneViewState":{"showFog":true,"showMaterialUpdate":true,"showSkybox":true,"showFlares":true,"showImageEffects":true,"showParticleSystems":true},"in2DMode":false,"pivot":{"x":-19.4237060546875,"y":-20.420305252075197,"z":-3.741124391555786},"rotation":{"x":0.2539004683494568,"y":-0.6875711679458618,"z":0.2815611660480499,"w":0.6194895505905151},"size":24.0966796875,"orthographic":false}