{"cameraMode":{"drawMode":0,"name":"Shaded","section":"Shading Mode"},"sceneLighting":true,"audioPlay":false,"sceneViewState":{"showFog":true,"showMaterialUpdate":true,"showSkybox":true,"showFlares":true,"showImageEffects":true,"showParticleSystems":true},"in2DMode":false,"pivot":{"x":1.3515779972076417,"y":-2.0512354373931886,"z":-0.35487857460975649},"rotation":{"x":0.3601997494697571,"y":0.50959712266922,"z":-0.247722327709198,"w":0.7411659359931946},"size":3.1592535972595217,"orthographic":false}