{"cameraMode":{"drawMode":0,"name":"Shaded","section":"Shading Mode"},"sceneLighting":true,"audioPlay":false,"sceneViewState":{"showFog":true,"showMaterialUpdate":true,"showSkybox":true,"showFlares":true,"showImageEffects":true,"showParticleSystems":true},"in2DMode":false,"pivot":{"x":-0.1301475465297699,"y":-0.5596296787261963,"z":-0.0874510109424591},"rotation":{"x":0.42315182089805605,"y":-0.04384586960077286,"z":0.020337847992777826,"w":0.9048956036567688},"size":3.133880376815796,"orthographic":false}