{"cameraMode":{"drawMode":0,"name":"Shaded","section":"Shading Mode"},"sceneLighting":true,"audioPlay":false,"sceneViewState":{"showFog":true,"showMaterialUpdate":true,"showSkybox":true,"showFlares":true,"showImageEffects":true,"showParticleSystems":true},"in2DMode":false,"pivot":{"x":-16.622501373291017,"y":-15.188142776489258,"z":-3.24090576171875},"rotation":{"x":-0.22905662655830384,"y":0.6799357533454895,"z":-0.23760806024074555,"w":-0.6549423933029175},"size":16.74671745300293,"orthographic":false}