{"cameraMode":{"drawMode":0,"name":"Shaded","section":"Shading Mode"},"sceneLighting":true,"audioPlay":false,"sceneViewState":{"showFog":true,"showMaterialUpdate":true,"showSkybox":true,"showFlares":true,"showImageEffects":true,"showParticleSystems":true},"in2DMode":false,"pivot":{"x":-4.058671951293945,"y":-10.538426399230957,"z":59.06955337524414},"rotation":{"x":-0.3879900872707367,"y":0.5516899228096008,"z":-0.3195149302482605,"w":-0.6659018993377686},"size":13.63952350616455,"orthographic":false}