{"cameraMode":{"drawMode":0,"name":"Shaded","section":"Shading Mode"},"sceneLighting":true,"audioPlay":false,"sceneViewState":{"showFog":true,"showMaterialUpdate":true,"showSkybox":true,"showFlares":true,"showImageEffects":true,"showParticleSystems":true},"in2DMode":false,"pivot":{"x":-19.388595581054689,"y":-0.846343994140625,"z":-9.988800048828125},"rotation":{"x":-0.03726447746157646,"y":0.8526830077171326,"z":-0.06015298143029213,"w":-0.5179067254066467},"size":15.362103462219239,"orthographic":false}