{"cameraMode":{"drawMode":0,"name":"Shaded","section":"Shading Mode"},"sceneLighting":true,"audioPlay":false,"sceneViewState":{"showFog":true,"showMaterialUpdate":false,"showSkybox":true,"showFlares":true,"showImageEffects":true,"showParticleSystems":true},"in2DMode":false,"pivot":{"x":10.344963073730469,"y":-1.104691505432129,"z":-38.75853729248047},"rotation":{"x":0.011461366899311543,"y":-0.9447117447853088,"z":0.3261311650276184,"w":0.033160846680402759},"size":8.122836112976075,"orthographic":false}