{"cameraMode":{"drawMode":0,"name":"Shaded","section":"Shading Mode"},"sceneLighting":true,"audioPlay":false,"sceneViewState":{"showFog":true,"showMaterialUpdate":false,"showSkybox":true,"showFlares":true,"showImageEffects":true,"showParticleSystems":true},"in2DMode":false,"pivot":{"x":31.00311279296875,"y":-13.627598762512207,"z":-15.969037055969239},"rotation":{"x":-0.11984721571207047,"y":-0.8754262328147888,"z":0.27889347076416018,"w":-0.3762412965297699},"size":15.22352123260498,"orthographic":false}