{"cameraMode":{"drawMode":0,"name":"Shaded","section":"Shading Mode"},"sceneLighting":true,"audioPlay":false,"sceneViewState":{"showFog":true,"showMaterialUpdate":true,"showSkybox":true,"showFlares":true,"showImageEffects":true,"showParticleSystems":true},"in2DMode":false,"pivot":{"x":-3.570965051651001,"y":1.9720265865325928,"z":-2.102938652038574},"rotation":{"x":-0.008860860019922257,"y":0.9914213418960571,"z":-0.09726088494062424,"w":-0.08845933526754379},"size":3.7263662815093996,"orthographic":false}