{"cameraMode":{"drawMode":0,"name":"Shaded","section":"Shading Mode"},"sceneLighting":true,"audioPlay":false,"sceneViewState":{"showFog":true,"showMaterialUpdate":true,"showSkybox":true,"showFlares":true,"showImageEffects":true,"showParticleSystems":true},"in2DMode":false,"pivot":{"x":0.1789875030517578,"y":-0.529328465461731,"z":0.18802064657211305},"rotation":{"x":0.002953534247353673,"y":-0.762065589427948,"z":0.6476436257362366,"w":0.003321925876662135},"size":2.851191997528076,"orthographic":false}