{"cameraMode":{"drawMode":0,"name":"Shaded","section":"Shading Mode"},"sceneLighting":true,"audioPlay":false,"sceneViewState":{"showFog":true,"showMaterialUpdate":true,"showSkybox":true,"showFlares":true,"showImageEffects":true,"showParticleSystems":true},"in2DMode":false,"pivot":{"x":-1.1853139400482178,"y":6.683892250061035,"z":45.01806640625},"rotation":{"x":-0.0724593997001648,"y":0.9249680638313294,"z":-0.30569377541542055,"w":-0.21483375132083894},"size":5.64124059677124,"orthographic":false}