{"cameraMode":{"drawMode":0,"name":"Shaded","section":"Shading Mode"},"sceneLighting":true,"audioPlay":false,"sceneViewState":{"showFog":true,"showMaterialUpdate":true,"showSkybox":true,"showFlares":true,"showImageEffects":true,"showParticleSystems":true},"in2DMode":false,"pivot":{"x":11.649550437927246,"y":1.288527488708496,"z":-26.252857208251954},"rotation":{"x":-0.04132724925875664,"y":-0.948950469493866,"z":0.14085626602172852,"w":-0.2796769142150879},"size":1.4697773456573487,"orthographic":false}