{"cameraMode":{"drawMode":0,"name":"Shaded","section":"Shading Mode"},"sceneLighting":true,"audioPlay":false,"sceneViewState":{"showFog":true,"showMaterialUpdate":true,"showSkybox":true,"showFlares":true,"showImageEffects":true,"showParticleSystems":true},"in2DMode":false,"pivot":{"x":-0.0007681698189117014,"y":0.11274757981300354,"z":0.18537688255310059},"rotation":{"x":-0.09640588611364365,"y":0.08625104278326035,"z":-0.008347722701728344,"w":-0.9916529655456543},"size":1.0415449142456055,"orthographic":false}