{"cameraMode":{"drawMode":0,"name":"Shaded","section":"Shading Mode"},"sceneLighting":true,"audioPlay":false,"sceneViewState":{"showFog":true,"showMaterialUpdate":true,"showSkybox":true,"showFlares":true,"showImageEffects":true,"showParticleSystems":true},"in2DMode":false,"pivot":{"x":-7.919266700744629,"y":-23.99953842163086,"z":-6.952462196350098},"rotation":{"x":0.17728932201862336,"y":-0.8236238956451416,"z":0.38717183470726015,"w":0.3750074505805969},"size":18.503442764282228,"orthographic":false}