{"cameraMode":{"drawMode":0,"name":"Shaded","section":"Shading Mode"},"sceneLighting":true,"audioPlay":false,"sceneViewState":{"showFog":true,"showMaterialUpdate":true,"showSkybox":true,"showFlares":true,"showImageEffects":true,"showParticleSystems":true},"in2DMode":false,"pivot":{"x":2.667386293411255,"y":-5.589488506317139,"z":-1.4778255224227906},"rotation":{"x":-0.4792102873325348,"y":0.5155525207519531,"z":-0.44743743538856509,"w":-0.5519044995307922},"size":6.054959297180176,"orthographic":false}