{"cameraMode":{"drawMode":0,"name":"Shaded","section":"Shading Mode"},"sceneLighting":true,"audioPlay":false,"sceneViewState":{"showFog":true,"showMaterialUpdate":true,"showSkybox":true,"showFlares":true,"showImageEffects":true,"showParticleSystems":true},"in2DMode":false,"pivot":{"x":0.12417657673358917,"y":-1.3211472034454346,"z":-0.18652839958667756},"rotation":{"x":-0.004852729383856058,"y":-0.7561987638473511,"z":0.6544685363769531,"w":-0.005786455236375332},"size":2.883638858795166,"orthographic":false}