{"cameraMode":{"drawMode":0,"name":"Shaded","section":"Shading Mode"},"sceneLighting":true,"audioPlay":false,"sceneViewState":{"showFog":true,"showMaterialUpdate":true,"showSkybox":true,"showFlares":true,"showImageEffects":true,"showParticleSystems":true},"in2DMode":false,"pivot":{"x":0.22735393047332765,"y":-1.5912785530090333,"z":-1.1732211112976075},"rotation":{"x":0.006064301822334528,"y":-0.7502776384353638,"z":0.6612424254417419,"w":0.006579732988029718},"size":3.7338802814483644,"orthographic":false}