{"cameraMode":{"drawMode":0,"name":"Shaded","section":"Shading Mode"},"sceneLighting":true,"audioPlay":false,"sceneViewState":{"showFog":true,"showMaterialUpdate":true,"showSkybox":true,"showFlares":true,"showImageEffects":true,"showParticleSystems":true},"in2DMode":false,"pivot":{"x":-0.40034162998199465,"y":-0.6460335850715637,"z":-0.00778059009462595},"rotation":{"x":0.005938232876360416,"y":-0.8282405734062195,"z":0.5604598522186279,"w":0.008592712692916394},"size":2.551192045211792,"orthographic":false}