{"cameraMode":{"drawMode":0,"name":"Shaded","section":"Shading Mode"},"sceneLighting":true,"audioPlay":false,"sceneViewState":{"showFog":true,"showMaterialUpdate":true,"showSkybox":true,"showFlares":true,"showImageEffects":true,"showParticleSystems":true},"in2DMode":false,"pivot":{"x":0.1466202437877655,"y":-2.109621524810791,"z":3.1747069358825685},"rotation":{"x":-0.23766542971134187,"y":-0.08606795966625214,"z":0.021185755729675294,"w":-0.9673895239830017},"size":3.944270372390747,"orthographic":false}