{"cameraMode":{"drawMode":0,"name":"Shaded","section":"Shading Mode"},"sceneLighting":true,"audioPlay":false,"sceneViewState":{"showFog":true,"showMaterialUpdate":false,"showSkybox":true,"showFlares":true,"showImageEffects":true,"showParticleSystems":true},"in2DMode":false,"pivot":{"x":11.939020156860352,"y":0.042491570115089419,"z":-10.628324508666993},"rotation":{"x":-0.3186281621456146,"y":0.4701964855194092,"z":-0.18685424327850343,"w":-0.8016334176063538},"size":1.036003589630127,"orthographic":false}