{"cameraMode":{"drawMode":0,"name":"Shaded","section":"Shading Mode"},"sceneLighting":true,"audioPlay":false,"sceneViewState":{"showFog":false,"showMaterialUpdate":true,"showSkybox":true,"showFlares":true,"showImageEffects":true,"showParticleSystems":true},"in2DMode":false,"pivot":{"x":187.5792694091797,"y":27.30693817138672,"z":279.014892578125},"rotation":{"x":-0.04948415979743004,"y":-0.9245519042015076,"z":0.35565173625946047,"w":-0.1288989931344986},"size":5.731297492980957,"orthographic":false}