{"cameraMode":{"drawMode":0,"name":"Shaded","section":"Shading Mode"},"sceneLighting":true,"audioPlay":false,"sceneViewState":{"showFog":true,"showMaterialUpdate":true,"showSkybox":true,"showFlares":true,"showImageEffects":true,"showParticleSystems":true},"in2DMode":false,"pivot":{"x":-9.681419372558594,"y":-6.038270950317383,"z":11.201007843017579},"rotation":{"x":0.2514236271381378,"y":-0.4254401624202728,"z":0.12335922569036484,"w":0.8607428669929504},"size":8.306002616882325,"orthographic":false}