{"cameraMode":{"drawMode":0,"name":"Shaded","section":"Shading Mode"},"sceneLighting":true,"audioPlay":false,"sceneViewState":{"showFog":true,"showMaterialUpdate":true,"showSkybox":true,"showFlares":true,"showImageEffects":true,"showParticleSystems":true},"in2DMode":false,"pivot":{"x":8.17355728149414,"y":14.498189926147461,"z":34.44571304321289},"rotation":{"x":-0.0724593997001648,"y":0.9249680638313294,"z":-0.30569377541542055,"w":-0.21483375132083894},"size":9.150361061096192,"orthographic":false}