{"cameraMode":{"drawMode":0,"name":"Shaded","section":"Shading Mode"},"sceneLighting":true,"audioPlay":false,"sceneViewState":{"showFog":true,"showMaterialUpdate":true,"showSkybox":true,"showFlares":true,"showImageEffects":true,"showParticleSystems":true},"in2DMode":false,"pivot":{"x":9.956474304199219,"y":1.4601221084594727,"z":-15.840335845947266},"rotation":{"x":-0.21448206901550294,"y":0.22989805042743684,"z":-0.05122697725892067,"w":-0.948064386844635},"size":0.15699487924575807,"orthographic":false}