{"cameraMode":{"drawMode":0,"name":"Shaded","section":"Shading Mode"},"sceneLighting":true,"audioPlay":false,"sceneViewState":{"showFog":true,"showMaterialUpdate":false,"showSkybox":true,"showFlares":true,"showImageEffects":true,"showParticleSystems":true},"in2DMode":false,"pivot":{"x":7.479801654815674,"y":-4.350080490112305,"z":-6.691205978393555},"rotation":{"x":-0.3161797523498535,"y":0.034431543201208118,"z":-0.011463016271591187,"w":-0.9480372071266174},"size":21.673465728759767,"orthographic":false}