{"cameraMode":{"drawMode":0,"name":"Shaded","section":"Shading Mode"},"sceneLighting":true,"audioPlay":false,"sceneViewState":{"showFog":false,"showMaterialUpdate":true,"showSkybox":true,"showFlares":true,"showImageEffects":true,"showParticleSystems":true},"in2DMode":false,"pivot":{"x":186.12400817871095,"y":20.604299545288087,"z":231.9635772705078},"rotation":{"x":-0.4066791534423828,"y":-0.22981175780296327,"z":0.10649065673351288,"w":-0.877914547920227},"size":18.19948959350586,"orthographic":false}