{"cameraMode":{"drawMode":0,"name":"Shaded","section":"Shading Mode"},"sceneLighting":true,"audioPlay":false,"sceneViewState":{"showFog":true,"showMaterialUpdate":false,"showSkybox":true,"showFlares":true,"showImageEffects":true,"showParticleSystems":true},"in2DMode":false,"pivot":{"x":3.710376024246216,"y":0.7720235586166382,"z":-8.093749046325684},"rotation":{"x":-0.054082680493593219,"y":0.8727648854255676,"z":-0.09940928965806961,"w":-0.4748871922492981},"size":8.8704195022583,"orthographic":false}