{"cameraMode":{"drawMode":0,"name":"Shaded","section":"Shading Mode"},"sceneLighting":true,"audioPlay":false,"sceneViewState":{"showFog":true,"showMaterialUpdate":true,"showSkybox":true,"showFlares":true,"showImageEffects":true,"showParticleSystems":true},"in2DMode":false,"pivot":{"x":6.845570087432861,"y":-13.540952682495118,"z":-19.997655868530275},"rotation":{"x":-0.07751550525426865,"y":0.9140623211860657,"z":-0.3411092758178711,"w":-0.20599141716957093},"size":12.995177268981934,"orthographic":false}