{"cameraMode":{"drawMode":0,"name":"Shaded","section":"Shading Mode"},"sceneLighting":true,"audioPlay":false,"sceneViewState":{"showFog":false,"showMaterialUpdate":false,"showSkybox":true,"showFlares":true,"showImageEffects":true,"showParticleSystems":true},"in2DMode":false,"pivot":{"x":18.547260284423829,"y":-0.6095575094223023,"z":20.39847183227539},"rotation":{"x":0.1448865830898285,"y":0.28269073367118838,"z":-0.0433865487575531,"w":0.9473166465759277},"size":8.91693115234375,"orthographic":false}