{"cameraMode":{"drawMode":0,"name":"Shaded","section":"Shading Mode"},"sceneLighting":true,"audioPlay":false,"sceneViewState":{"showFog":true,"showMaterialUpdate":true,"showSkybox":true,"showFlares":true,"showImageEffects":true,"showParticleSystems":true},"in2DMode":false,"pivot":{"x":17.54777717590332,"y":18.243295669555665,"z":23.151819229125978},"rotation":{"x":-0.02123265340924263,"y":0.9418755769729614,"z":-0.056114111095666888,"w":-0.3311612606048584},"size":8.081418991088868,"orthographic":false}