{"cameraMode":{"drawMode":0,"name":"Shaded","section":"Shading Mode"},"sceneLighting":true,"audioPlay":false,"sceneViewState":{"showFog":true,"showMaterialUpdate":true,"showSkybox":true,"showFlares":true,"showImageEffects":true,"showParticleSystems":true},"in2DMode":false,"pivot":{"x":13.429681777954102,"y":21.272506713867189,"z":-7.304073333740234},"rotation":{"x":0.16280339658260346,"y":0.8370500802993774,"z":-0.3756941854953766,"w":0.3631628155708313},"size":5.843186855316162,"orthographic":false}