{"cameraMode":{"drawMode":0,"name":"Shaded","section":"Shading Mode"},"sceneLighting":true,"audioPlay":false,"sceneViewState":{"showFog":true,"showMaterialUpdate":true,"showSkybox":true,"showFlares":true,"showImageEffects":true,"showParticleSystems":true},"in2DMode":false,"pivot":{"x":1.1432924270629883,"y":-0.1114041805267334,"z":3.0385823249816896},"rotation":{"x":-0.10595251619815827,"y":-0.15177766978740693,"z":0.016391104087233545,"w":-0.9826764464378357},"size":4.244270324707031,"orthographic":false}