{"cameraMode":{"drawMode":0,"name":"Shaded","section":"Shading Mode"},"sceneLighting":true,"audioPlay":false,"sceneViewState":{"showFog":false,"showMaterialUpdate":true,"showSkybox":true,"showFlares":true,"showImageEffects":true,"showParticleSystems":true},"in2DMode":false,"pivot":{"x":186.7899932861328,"y":5.420000076293945,"z":276.9800109863281},"rotation":{"x":0.004083831794559956,"y":0.9673941731452942,"z":-0.2534286081790924,"w":0.015558500774204731},"size":1.5192301273345948,"orthographic":false}