{"cameraMode":{"drawMode":0,"name":"Shaded","section":"Shading Mode"},"sceneLighting":true,"audioPlay":false,"sceneViewState":{"showFog":true,"showMaterialUpdate":true,"showSkybox":true,"showFlares":true,"showImageEffects":true,"showParticleSystems":true},"in2DMode":false,"pivot":{"x":0.07441842555999756,"y":-0.4328543245792389,"z":0.41059190034866335},"rotation":{"x":0.03248978406190872,"y":-0.8690295219421387,"z":0.4905605912208557,"w":0.057337190955877307},"size":1.6166901588439942,"orthographic":false}