{"cameraMode":{"drawMode":0,"name":"Shaded","section":"Shading Mode"},"sceneLighting":true,"audioPlay":false,"sceneViewState":{"showFog":true,"showMaterialUpdate":false,"showSkybox":true,"showFlares":true,"showImageEffects":true,"showParticleSystems":true},"in2DMode":false,"pivot":{"x":7.2984747886657719,"y":-1.2994534969329835,"z":5.774994850158691},"rotation":{"x":-0.28502869606018069,"y":0.4005579352378845,"z":-0.13265570998191834,"w":-0.8606505393981934},"size":6.914369583129883,"orthographic":false}