{"cameraMode":{"drawMode":0,"name":"Shaded","section":"Shading Mode"},"sceneLighting":true,"audioPlay":false,"sceneViewState":{"showFog":true,"showMaterialUpdate":true,"showSkybox":true,"showFlares":true,"showImageEffects":true,"showParticleSystems":true},"in2DMode":false,"pivot":{"x":-11.94420337677002,"y":-8.931856155395508,"z":6.118719577789307},"rotation":{"x":0.20352265238761903,"y":-0.6412330865859985,"z":0.18171215057373048,"w":0.7173773646354675},"size":11.99222469329834,"orthographic":false}