{"cameraMode":{"drawMode":0,"name":"Shaded","section":"Shading Mode"},"sceneLighting":true,"audioPlay":false,"sceneViewState":{"showFog":true,"showMaterialUpdate":true,"showSkybox":true,"showFlares":true,"showImageEffects":true,"showParticleSystems":true},"in2DMode":false,"pivot":{"x":0.298516184091568,"y":-0.36335182189941409,"z":-0.8286069631576538},"rotation":{"x":0.002953534247353673,"y":-0.762065589427948,"z":0.6476436257362366,"w":0.003321925876662135},"size":5.551192760467529,"orthographic":false}