{"cameraMode":{"drawMode":0,"name":"Shaded","section":"Shading Mode"},"sceneLighting":true,"audioPlay":false,"sceneViewState":{"showFog":true,"showMaterialUpdate":true,"showSkybox":true,"showFlares":true,"showImageEffects":true,"showParticleSystems":true},"in2DMode":false,"pivot":{"x":0.39415091276168826,"y":0.4873824119567871,"z":0.26534503698349},"rotation":{"x":-0.43954765796661379,"y":0.5596261620521545,"z":-0.475650429725647,"w":-0.5172683000564575},"size":2.191934108734131,"orthographic":false}