{"cameraMode":{"drawMode":0,"name":"Shaded","section":"Shading Mode"},"sceneLighting":true,"audioPlay":false,"sceneViewState":{"showFog":true,"showMaterialUpdate":true,"showSkybox":true,"showFlares":true,"showImageEffects":true,"showParticleSystems":true},"in2DMode":false,"pivot":{"x":-1.9838558435440064,"y":-0.37720561027526858,"z":-2.7402865886688234},"rotation":{"x":-0.06188516691327095,"y":0.929557740688324,"z":-0.18302562832832337,"w":-0.314290314912796},"size":4.226350784301758,"orthographic":false}