{"cameraMode":{"drawMode":0,"name":"Shaded","section":"Shading Mode"},"sceneLighting":true,"audioPlay":false,"sceneViewState":{"showFog":true,"showMaterialUpdate":true,"showSkybox":true,"showFlares":true,"showImageEffects":true,"showParticleSystems":true},"in2DMode":false,"pivot":{"x":0.824364960193634,"y":-0.7713701725006104,"z":2.818735361099243},"rotation":{"x":-0.1828581690788269,"y":0.7315718531608582,"z":-0.21402190625667573,"w":-0.6212106347084045},"size":6.262231349945068,"orthographic":false}