{"cameraMode":{"drawMode":0,"name":"Shaded","section":"Shading Mode"},"sceneLighting":true,"audioPlay":false,"sceneViewState":{"showFog":true,"showMaterialUpdate":true,"showSkybox":true,"showFlares":true,"showImageEffects":true,"showParticleSystems":true},"in2DMode":false,"pivot":{"x":-3.321624517440796,"y":-0.5272142291069031,"z":-2.1875176429748537},"rotation":{"x":0.04171643778681755,"y":-0.8554298877716065,"z":0.06969541311264038,"w":0.5116602182388306},"size":3.223623037338257,"orthographic":false}