{"cameraMode":{"drawMode":0,"name":"Shaded","section":"Shading Mode"},"sceneLighting":true,"audioPlay":false,"sceneViewState":{"showFog":true,"showMaterialUpdate":true,"showSkybox":true,"showFlares":true,"showImageEffects":true,"showParticleSystems":true},"in2DMode":false,"pivot":{"x":-0.4985795319080353,"y":-0.7885733842849731,"z":0.47510775923728945},"rotation":{"x":-0.1384744793176651,"y":0.004218973685055971,"z":-0.0005586719489656389,"w":-0.9904481172561646},"size":3.2557291984558107,"orthographic":false}