{"cameraMode":{"drawMode":0,"name":"Shaded","section":"Shading Mode"},"sceneLighting":true,"audioPlay":false,"sceneViewState":{"showFog":false,"showMaterialUpdate":true,"showSkybox":true,"showFlares":true,"showImageEffects":true,"showParticleSystems":true},"in2DMode":false,"pivot":{"x":192.0965576171875,"y":-7.230175018310547,"z":285.2579650878906},"rotation":{"x":-0.4141877591609955,"y":-0.20991158485412599,"z":0.09889694303274155,"w":-0.8802788853645325},"size":9.640399932861329,"orthographic":false}