{"cameraMode":{"drawMode":0,"name":"Shaded","section":"Shading Mode"},"sceneLighting":true,"audioPlay":false,"sceneViewState":{"showFog":true,"showMaterialUpdate":false,"showSkybox":true,"showFlares":true,"showImageEffects":true,"showParticleSystems":true},"in2DMode":false,"pivot":{"x":12.287727355957032,"y":1.2393136024475098,"z":-10.135879516601563},"rotation":{"x":-0.02115653268992901,"y":0.9787886738777161,"z":-0.15034222602844239,"w":-0.1377488225698471},"size":0.8446566462516785,"orthographic":false}