{"cameraMode":{"drawMode":0,"name":"Shaded","section":"Shading Mode"},"sceneLighting":true,"audioPlay":false,"sceneViewState":{"showFog":true,"showMaterialUpdate":true,"showSkybox":true,"showFlares":true,"showImageEffects":true,"showParticleSystems":true},"in2DMode":false,"pivot":{"x":-0.4402027130126953,"y":-0.14589089155197144,"z":0.011062383651733399},"rotation":{"x":-0.13524006307125092,"y":0.15808482468128205,"z":-0.021825212985277177,"w":-0.9779680371284485},"size":1.6415448188781739,"orthographic":false}