{"cameraMode":{"drawMode":0,"name":"Shaded","section":"Shading Mode"},"sceneLighting":true,"audioPlay":false,"sceneViewState":{"showFog":true,"showMaterialUpdate":true,"showSkybox":true,"showFlares":true,"showImageEffects":true,"showParticleSystems":true},"in2DMode":false,"pivot":{"x":-0.4507780969142914,"y":-3.169501781463623,"z":0.15381941199302674},"rotation":{"x":0.5944305062294006,"y":-0.07726696133613587,"z":0.057321492582559589,"w":0.7985121607780457},"size":3.8106939792633058,"orthographic":false}